Rank,Route,Classification,Design,Experience,Technical,Overall,Status,Coverage,BiggestStrength,BiggestProblem
1,school-history.html,Flagship,9.0,8.5,9.0,8.8,Strong/Signature,Full render+DOM+screenshot,"Archival composition (shallow-depth document cards, six chapters, sourced milestones)",Mid-page pacing across six chapters not fully verified
2,founder.html,Flagship,9.0,8.5,9.0,8.8,Strong/Signature,Full render+DOM+screenshot,WebGL portrait + oversized GURUDEV opening; designer-approved and protected,Longest DOM-complexity opening on the site (11 scripts) -- fragility risk if touched
3,math-challenge.html,Flagship,8.5,8.5,9.0,8.6,Strong/Signature,Full render+DOM,"3 canvas elements used as real interactive math demonstrations, not decoration",Only 3 images total -- relies entirely on canvas/typography for visual interest
4,spiritual-life.html,Flagship,9.0,8.0,9.0,8.5,Strong/Signature,Full render+DOM+screenshot,"Three.js mandala opening resolves to a genuinely restrained, precise composition (real Sanskrit terms, not generic ornament)",Longest page on the site after Theatre/Creative Writing at 28.5vh -- mid-page pacing unverified
5,houses.html,Flagship,8.5,8.0,9.0,8.4,Strong/Signature,Full render+DOM+screenshot,Confident colour-coded house index; well-built aria-hidden+inert text-slice reveal,No Lenis smooth-scroll (only page in the family without it) -- inconsistent scroll feel vs sibling pages
6,sports.html,Flagship,8.5,8.0,9.0,8.4,Strong/Signature,Full render+DOM+screenshot,Distinctive macro-texture film opening (wet ball) instead of generic action shot,32.4vh scroll length with body unverified beyond DOM
7,captures.html,Flagship,8.5,8.0,9.0,8.4,Strong/Signature,Full render+DOM,Curated thematic photo groupings (Small worlds / By the water / Solo and stage) not a generic gallery,30.9vh length; three separate JS files for one page (fragmentation risk)
8,crossroads.html,Flagship,8.5,8.0,9.0,8.4,Strong/Signature,Full render+DOM,Genuine editorial-publication feel; SVG-restored masthead art; 32-issue archive,4 separate dedicated scripts -- highest script fragmentation on the site
9,cultural-gallery.html,Flagship,9.0,7.5,8.5,8.4,Strong/Signature (keyboard behaviour live-verified),Full render+DOM+live keyboard test,"Most original page architecture on the site: full-window photo field, no scroll, no footer; skip link, correct dialog pattern and focus restoration confirmed live","168 tiles are simultaneous Tab stops with no roving-tabindex (real but P2, not P1); ~45% of visible photos carry a deliberately generic caption pending school-supplied captions"
10,theatre.html,Flagship,8.5,8.0,9.0,8.4,Strong/Signature (pacing live-verified),Full render+DOM+live scroll-through,59 real photographs transparently stated on-page; genuinely varied staging per house (confirmed live); sticky house-jump nav; explicit NEXT transition cues; honest closing disclosure,"None confirmed -- 40.9vh length is transparently earned by real content, not padding"
11,alumni.html,Flagship,8.5,8.0,9.0,8.3,Strong/Signature,Full render+DOM,Destination/journey metaphor with 150 real destinations and 4 named alumni followed in public,26.3vh with 44 buttons -- interaction density unverified
12,index.html,Flagship,8.5,8.0,9.0,8.3,Strong/Signature,Full render+DOM+screenshot,Confident photographic hero + four-chapter Jnanam/Seva/Kaushalam narrative + official film,None confirmed
13,404.html,Utility,8.0,8.0,9.0,8.2,Strong (do-not-touch small moment),Full render+DOM+screenshot,"An error page with real design attention: correct on-gold contrast, quick links, no dead end",None found
14,art-attack.html,Flagship,8.0,8.0,9.0,8.2,Strong/Signature (DOM-weight risk measured and resolved),Full render+DOM+live network/resource measurement,Organised by medium (painting/craft/wall magazines/stage); 197 of 297 images correctly never fetched until requested; responsive images verified to resolve correctly via currentSrc,"2,668 DOM nodes remains the highest on the site (supports real filtering across 297 works) but no measured network, memory or jank problem found"
15,the-cirs-experience.html,Flagship,8.0,7.5,9.0,8.0,Strong,Full render+DOM,Detailed rouser-to-lights-off schedule for both Junior and Senior School,Conventional drifting-lettering hero pattern shared with 2-3 other pages
16,admissions.html,Experience,7.5,8.0,9.0,8.0,Strong,Full render+DOM,Clear enquiry-to-enrolment structure; correctly has no on-page form (external portal is the record of truth),Visual identity is the most conventional 'flagship' page on the site
17,creative-writing.html,Editorial,8.0,7.5,9.0,8.0,Strong,Full render+DOM,"Theme-grouped anthology with real curation, not a flat list",33.7vh -- second-longest page on the site for a text-only anthology
18,festivals.html,Flagship,8.0,7.5,9.0,7.9,Strong,Full render+DOM,"Seven named festivals each with real photographic specificity, not stock imagery","35.7vh, third-longest page; pacing across 7 festivals unverified"
19,our-results.html,Experience,7.5,7.5,9.0,7.8,Good,Full render+DOM,Dedicated results-journey.js interactive book structure,Full book-flip interaction not exercised in this audit
20,blog.html,Editorial,7.5,7.5,9.0,7.8,Good,Full render+DOM,Clear thematic sections (Campus & culture / Opinion / World & sport),Conventional article-index layout; index page itself carries no imagery beyond thumbnails
21,news.html,Editorial,7.5,7.5,9.0,7.8,Good,Full render+DOM,Cycling headline reel links directly to sourced sections below it -- no duplicate content,Half of the linked News reports it indexes are text-only (see article-family rows)
22,school-info.html,Informational,7.5,7.0,9.0,7.7,Good,Full render+DOM,'CIRS Record' opening treats real certificates as paper artefacts rather than a link list,Long list-heavy body after a strong opening
23,curriculum.html,Informational,7.5,7.0,9.0,7.6,Good,Full render+DOM,Own paper-composition opening with visible section index,Conventional 3-card 'senior streams' pattern repeated from other pages
24,curriculum/cbse.html,Informational,7.0,7.0,9.0,7.5,Good,Full render+DOM,Consistent 'curriculum family' furniture shared deliberately with IB page,"Near-identical structure to ib-diploma.html (intentional, but worth confirming still reads as two real pages)"
25,curriculum/ib-diploma.html,Informational,7.0,7.0,9.0,7.5,Good,Full render+DOM,Focused single-purpose subject page,Same as CBSE page -- twin structure
26,important-documents.html,Utility,6.5,7.0,9.0,7.3,Good (appropriately plain),Full render+DOM,"40 PDFs with descriptive titles, clearly organised by category","Plainness is correct for a document portal, not a defect"
27,leadership.html,Informational,7.0,6.5,9.0,7.3,Good,Full render+DOM,Native scroll preserved deliberately so #msg- links are real browser history entries,Visually the least ambitious 'people' page on the site -- appropriately so
28,why-cirs.html,Editorial,7.0,6.5,9.0,7.3,Good,Full render+DOM,Prose narrative backed by a real figures/stats section,"Two headings ('Two boards. One ambition.' / 'Two boards, one ambition.') restate each other near-verbatim"
29,parent-portal.html,Utility,6.5,7.0,9.0,7.2,Good (appropriately plain),Full render+DOM,"Minimal, correctly scoped to two external systems","Shortest substantive page on the site at 3.7vh -- by design, not a defect"
30,anakin-skywalker.html,Blog essay,6.5,6.5,9.0,7.2,Good,Full render+DOM,Genuine 4-act classical-tragedy structure (Hamartia/Peripeteia/Anagnorisis/Catharsis),Plain text column with no illustrative imagery beyond the shared chrome
31,resurgence.html,Blog essay,6.5,6.5,9.0,7.2,Good,DOM only,"Structured essay, not a filler post",No illustrative imagery (template pattern)
32,death-of-rationalism.html,Blog essay,6.5,6.5,9.0,7.2,Good,DOM only (template-inherited),"Part of a consistently well-titled, structured essay set",No illustrative imagery (template pattern)
33,beyond-the-lobby.html,Blog essay,6.5,6.5,9.0,7.2,Good,DOM only (template-inherited),"Part of a consistently well-titled, structured essay set",No illustrative imagery (template pattern)
34,is-ai-art-really-art.html,Blog essay,6.5,6.5,9.0,7.2,Good,DOM only (template-inherited),"Timely, specific student argument (not generic filler)",No illustrative imagery (template pattern)
35,rumors-at-cirs.html,Blog essay,6.5,6.5,9.0,7.2,Good,DOM only (template-inherited),"Part of a consistently well-titled, structured essay set",No illustrative imagery (template pattern)
36,hot-wheels-vs-barbie.html,Blog essay,6.5,6.5,9.0,7.2,Good,DOM only (template-inherited),"Part of a consistently well-titled, structured essay set",No illustrative imagery (template pattern)
37,geography-and-geopolitics.html,Blog essay,6.5,6.5,9.0,7.2,Good,DOM only (template-inherited),"Part of a consistently well-titled, structured essay set",No illustrative imagery (template pattern)
38,sportswashing.html,Blog essay,6.5,6.5,9.0,7.2,Good,DOM only (template-inherited),"Part of a consistently well-titled, structured essay set",No illustrative imagery (template pattern)
39,notes-of-healing.html,Blog essay,6.5,6.5,9.0,7.2,Good,DOM only (template-inherited),"Part of a consistently well-titled, structured essay set",No illustrative imagery (template pattern)
40,my-home.html,Blog essay,6.5,6.5,9.0,7.2,Good,DOM only (template-inherited),"Part of a consistently well-titled, structured essay set",No illustrative imagery (template pattern)
41,voyages-in-the-yuva-kendra.html,Blog essay,6.5,6.5,9.0,7.2,Good,DOM only (template-inherited),"Part of a consistently well-titled, structured essay set",No illustrative imagery (template pattern)
42,the-race-beyond.html,Blog essay,6.5,6.5,9.0,7.2,Good,DOM only (template-inherited),"Part of a consistently well-titled, structured essay set",No illustrative imagery (template pattern)
43,trust-or-bust.html,Blog essay,6.5,6.5,9.0,7.2,Good,DOM only (template-inherited),"Part of a consistently well-titled, structured essay set",No illustrative imagery (template pattern)
44,the-journey-behind-excellence.html,Blog essay,6.5,6.5,9.0,7.2,Good,DOM only (template-inherited),"Part of a consistently well-titled, structured essay set",No illustrative imagery (template pattern)
45,the-social-glue.html,Blog essay,6.5,6.5,9.0,7.2,Good,DOM only (template-inherited),"Part of a consistently well-titled, structured essay set",No illustrative imagery (template pattern)
46,death-of-detail.html,Blog essay,6.5,6.5,9.0,7.2,Good,DOM only (template-inherited),"Part of a consistently well-titled, structured essay set",No illustrative imagery (template pattern)
47,vishu-tamil-puthandu.html,News archive (has gallery),6.5,6.0,9.0,6.7,Needs design work,DOM only (not individually rendered),One of only 2 of 11 News reports with a real photo gallery,Not individually screenshotted in this audit
48,gayathri-havan.html,News archive (has gallery),6.5,6.0,9.0,6.7,Needs design work,DOM only (not individually rendered),One of only 2 of 11 News reports with a real photo gallery,Not individually screenshotted in this audit
49,science-expo.html,News archive (text-only),4.5,5.0,9.0,5.7,Needs design work,Full render+DOM,Factually specific report copy,Zero photographs of an event the school undoubtedly photographed
50,english-week.html,News archive (text-only),4.5,5.0,9.0,5.7,Needs design work,Full render+DOM,Factually specific report copy,Zero photographs
51,mathematics-week-2025.html,News archive (text-only),4.5,5.0,9.0,5.7,Needs design work,DOM only (template-inherited),Factually specific report copy,Zero photographs (template pattern)
52,competitions.html,News archive (text-only),4.5,5.0,9.0,5.7,Needs design work,DOM only (template-inherited),Factually specific report copy,Zero photographs (template pattern)
53,social-science-week.html,News archive (text-only),4.5,5.0,9.0,5.7,Needs design work,DOM only (template-inherited),Factually specific report copy,Zero photographs (template pattern)
54,chinmaya-vraja.html,News archive (text-only),4.5,5.0,9.0,5.7,Needs design work,DOM only (template-inherited),Factually specific report copy,Zero photographs (template pattern)
55,cirs-general-election.html,News archive (text-only),4.5,5.0,9.0,5.7,Needs design work,DOM only (template-inherited),Factually specific report copy,Zero photographs (template pattern)
56,seva-week.html,News archive (text-only),4.5,5.0,9.0,5.7,Needs design work,DOM only (template-inherited),Factually specific report copy,Zero photographs (template pattern)
57,solo-instrument.html,News archive (text-only),4.5,5.0,9.0,5.7,Needs design work,DOM only (template-inherited),Factually specific report copy,Zero photographs (template pattern)
58,our-laurels.html,Placeholder,2.0,2.0,8.0,3.3,Placeholder (disclosed),Full render+DOM,Honest 'in preparation' framing rather than fake content,Entire page is a stand-in; four categories still owed by sports/activities office
