title,url,html_path,author,credit_source,category,issue,publication_date,excerpt,image,issue_pdf,reading_time_minutes
The Death of Rationalism,https://cirs-website.vercel.app/death-of-rationalism,death-of-rationalism.html,,none printed,Opinion,32,August 2026,"Rationalism was meant to be a method, not an identity. It was to be the discipline of honest seeing, not another tribe of the like-minded. You question, you examine, you see clearly.",assets/img/blog/death-of-rationalism.webp,assets/documents/crossroads/crossroads-issue-32.pdf,6
Beyond the Lobby,https://cirs-website.vercel.app/beyond-the-lobby,beyond-the-lobby.html,Muhil T. | IB I Yr,printed,Culture,32,August 2026,"A digital world where millions come togethersome for a living, some for leisure, some for addiction, and some for peace.",assets/img/blog/beyond-the-lobby.webp,assets/documents/crossroads/crossroads-issue-32.pdf,2
Anakin Skywalker and the Poetics of Tragedy,https://cirs-website.vercel.app/anakin-skywalker,anakin-skywalker.html,Aayush S. B. | IB II Yr,printed,Culture,32,August 2026,"The Star Wars prequel is, at its core, a tragedy. Yet within popular discourse it has long been dismissed as pulp science fiction; a spectacle over substance sort of material.",assets/img/blog/anakin-skywalker.webp,assets/documents/crossroads/crossroads-issue-32.pdf,5
Is AI - Art Really Art?,https://cirs-website.vercel.app/is-ai-art-really-art,is-ai-art-really-art.html,T.Muhil | IB 1 Year,printed,Opinion,31,May 2026,"In today’s world, nearly everything we do has a trace of artificial intelligence in it, from our daily tasks to our school projects.",,assets/documents/crossroads/crossroads-issue-31.pdf,3
Rumors at CIRS,https://cirs-website.vercel.app/rumors-at-cirs,rumors-at-cirs.html,Aarav Bhartia | IB 1 Year,printed,Campus Life,31,May 2026,"Do you agree with me that here, in CIRS, news about people and events spreads like wildfire? Whether in late-night talks or Crossroads walks, we cannot keep gossip to ourselves.",assets/img/blog/rumors-at-cirs.webp,assets/documents/crossroads/crossroads-issue-31.pdf,3
Hot Wheels V/S Barbie,https://cirs-website.vercel.app/hot-wheels-vs-barbie,hot-wheels-vs-barbie.html,Prisha Kantesaria | IB II Year,printed,Opinion,31,May 2026,"I am a proud biology student, and my biology class has a MEGA, WHOPPING, GARGANTUAN class strength of 2! And these supercalifragilisticexpialidocious students are girls.",assets/img/blog/hot-wheels-vs-barbie.webp,assets/documents/crossroads/crossroads-issue-31.pdf,4
Geography and Geopolitics,https://cirs-website.vercel.app/geography-and-geopolitics,geography-and-geopolitics.html,Shaurya Bhartia | 12 Mgmt,printed,World,31,May 2026,"Every week, we stare at the ""News of the Week"" presentation on the screen, clapping loudly at the second anything mildly related to India, any sports team, or Donald Trump that flashes by.",assets/img/blog/geography-and-geopolitics.webp,assets/documents/crossroads/crossroads-issue-31.pdf,5
Sportswashing: The New Geopolitics,https://cirs-website.vercel.app/sportswashing,sportswashing.html,Shaurya Bhartia | XII MGMT,printed,Sport,30,April 2026,The summer of 2023 changed football forever. It wasn’t just the usual go-to of European transfers; it was something weird. Why?,,assets/documents/crossroads/crossroads-issue-30.pdf,5
Notes of Healing,https://cirs-website.vercel.app/notes-of-healing,notes-of-healing.html,Ishaan Ravishankar | XII MGMT,printed,Culture,30,April 2026,"Music is something most of us cherish, holding a special place in our lives. It speaks volumes about our personality, and offers insights into our very souls.",assets/img/blog/notes-of-healing.webp,assets/documents/crossroads/crossroads-issue-30.pdf,4
My Home,https://cirs-website.vercel.app/my-home,my-home.html,Vishv Prem Nangia,site,The Editorial,29,February 2026,"Like most other kids, I had an enjoyable childhood with my family, so naturally, making the tough decision to join a boarding school 2,359 long kilometres away from home was an emotional one.",,assets/documents/crossroads/crossroads-issue-29.pdf,3
Voyages in the Yuva Kendra,https://cirs-website.vercel.app/voyages-in-the-yuva-kendra,voyages-in-the-yuva-kendra.html,Adithyan Diwakar Vidya | Class IB II | CIRS,printed,Reflection,29,February 2026,"Bag stuffed, folder filled, and brain completely devoid of meaning: that would accurately encapsulate my state in the very first class of CHYK CIRS.",assets/img/blog/voyages-in-the-yuva-kendra.webp,assets/documents/crossroads/crossroads-issue-29.pdf,5
The Race Beyond,https://cirs-website.vercel.app/the-race-beyond,the-race-beyond.html,Lokk Vishwavedaa,site,Economics,29,February 2026,"It's Sunday. Millions are tuning into their digital screens to watch one thing. Fast cars. Actually, 20 of them, racing at speeds that vaporize everything in their path.",assets/img/blog/the-race-beyond.webp,assets/documents/crossroads/crossroads-issue-29.pdf,4
Trust or Bust: The Never-Ending Problem of the Prisoner's Dilemma,https://cirs-website.vercel.app/trust-or-bust,trust-or-bust.html,Aarav Bhartia | X B,school,Economics,29,February 2026,"Imagine yourself in this familiar high school scene where you and your best friend are tasked with a huge project, the kind that demands hours of focused, dedicated work.",assets/img/blog/trust-or-bust.webp,assets/documents/crossroads/crossroads-issue-29.pdf,4
The Journey Behind Excellence,https://cirs-website.vercel.app/the-journey-behind-excellence,the-journey-behind-excellence.html,Aarav Bhartia | X B,printed,Sport,29,February 2026,"""No, I cannot do it anymore"" - Have you said this to yourself in the middle of a 5,000 metres race? And later, regret the same while reflecting?",assets/img/blog/the-journey-behind-excellence.webp,assets/documents/crossroads/crossroads-issue-29.pdf,5
The Social Glue,https://cirs-website.vercel.app/the-social-glue,the-social-glue.html,Raahi Tejas Shah | Crossroads Editorial Team ’24,printed,The Editorial,17,July 2024,"The human brain evolved to navigate and maintain social structures of life. Primordially, we needed each other to survive.",assets/img/blog/the-social-glue.webp,assets/documents/crossroads/crossroads-issue-17.pdf,4
Death of Detail,https://cirs-website.vercel.app/death-of-detail,death-of-detail.html,Malhar Modi,printed,Culture,4,,"A long day at work, and you’re tired to the bone. You decide to visit the nearby park to finally take a break, and seat yourself on a bench.",,assets/documents/crossroads/crossroads-issue-04.pdf,4
Resurgence,https://cirs-website.vercel.app/resurgence,resurgence.html,Adhavan Diwakar,printed,Culture,2,,"Jana Gana Mana Adhinayaka Jaya He, Bharata Bhagya Vidhata!",assets/img/blog/resurgence.webp,assets/documents/crossroads/crossroads-issue-02.pdf,5
